Time,ILI_Cases
2009-07-06,154.0
2009-07-13,270.0
2009-07-20,415.0
2009-07-27,788.0
2009-08-03,863.0
2009-08-10,1019.0
2009-08-17,1181.0
2009-08-24,1736.0
2009-08-31,1419.0
2009-09-07,1430.0
2009-09-14,1057.0
2009-09-21,737.0
2009-09-28,1038.0
2009-10-05,543.0
2009-10-12,637.0
2009-10-19,1203.0
2009-10-26,2777.0
2009-11-02,4431.0
2009-11-09,3684.0
2009-11-16,2915.0
2009-11-23,1922.0
2009-11-30,1224.0
2009-12-07,819.0
2009-12-14,491.0
2009-12-21,187.0
2009-12-28,50.0
2010-01-04,297.0
2010-01-11,315.0
2010-01-18,223.0
2010-01-25,209.0
2010-02-01,191.0
2010-02-08,165.0
2010-02-15,163.0
2010-02-22,141.0
2010-03-01,144.0
2010-03-08,101.0
2010-03-15,147.0
2010-03-22,80.0
2010-03-29,16.0
2010-04-05,74.0
2010-04-12,118.0
2010-04-19,95.0
2010-04-26,113.0
2010-05-03,111.0
2010-05-10,74.0
2010-05-17,72.0
2010-05-24,86.0
2010-05-31,76.0
2010-06-07,74.0
2010-06-14,69.0
2010-06-21,52.0
2010-06-28,67.0
2010-07-05,47.0
2010-07-12,44.0
2010-07-19,38.0
2010-07-26,23.0
2010-08-02,33.0
2010-08-09,42.0
2010-08-16,60.0
2010-08-23,84.0
2010-08-30,90.0
2010-09-06,86.0
2010-09-13,134.0
2010-09-20,143.0
2010-09-27,122.0
2010-10-04,166.0
2010-10-11,135.0
2010-10-18,132.0
2010-10-25,135.0
2010-11-01,147.0
2010-11-08,202.0
2010-11-15,176.0
2010-11-22,171.0
2010-11-29,205.0
2010-12-06,257.0
2010-12-13,287.0
2010-12-20,338.0
2010-12-27,243.0
2011-01-03,1008.0
2011-01-10,1176.0
2011-01-17,1519.0
2011-01-24,1119.0
2011-01-31,947.0
2011-02-07,965.0
2011-02-14,723.0
2011-02-21,632.0
2011-02-28,519.0
2011-03-07,427.0
2011-03-14,285.0
2011-03-21,269.0
2011-03-28,229.0
2011-04-04,216.0
2011-04-11,172.0
2011-04-18,5.0
2011-04-25,99.0
2011-05-02,105.0
2011-05-09,112.0
2011-05-16,62.0
2011-06-13,0.0
2011-06-20,0.0
2011-08-01,0.0
2011-08-08,0.0
2011-08-15,0.0
2011-08-22,0.0
2011-09-05,0.0
2011-10-03,122.0
2011-10-10,159.0
2011-10-17,198.0
2011-10-24,168.0
2011-10-31,164.0
2011-11-07,186.0
2011-11-14,169.0
2011-11-21,251.0
2011-11-28,242.0
2011-12-05,245.0
2011-12-12,239.0
2011-12-19,286.0
2011-12-26,161.0
2012-01-02,373.0
2012-01-09,413.0
2012-01-16,411.0
2012-01-23,453.0
2012-01-30,522.0
2012-02-06,800.0
2012-02-13,940.0
2012-02-20,995.0
2012-02-27,797.0
2012-03-05,968.0
2012-03-12,795.0
2012-03-19,722.0
2012-03-26,541.0
2012-04-02,14.0
2012-04-09,172.0
2012-04-16,251.0
2012-04-23,162.0
2012-04-30,82.0
2012-05-07,137.0
2012-05-14,76.0
2012-05-21,0.0
2012-05-28,0.0
2012-06-04,0.0
2012-07-02,0.0
2012-07-23,0.0
2012-07-30,0.0
2012-08-06,0.0
2012-08-13,0.0
2012-08-20,0.0
2012-09-03,0.0
2012-09-10,0.0
2012-09-17,0.0
2012-09-24,0.0
2012-10-01,119.0
2012-10-08,138.0
2012-10-15,150.0
2012-10-22,186.0
2012-10-29,160.0
2012-11-05,178.0
2012-11-12,192.0
2012-11-19,196.0
2012-11-26,156.0
2012-12-03,206.0
2012-12-10,535.0
2012-12-17,641.0
2012-12-24,309.0
2012-12-31,1409.0
2013-01-07,2351.0
2013-01-14,1724.0
2013-01-21,1404.0
2013-01-28,1220.0
2013-02-04,1238.0
2013-02-11,2026.0
2013-02-18,882.0
2013-02-25,801.0
2013-03-04,628.0
2013-03-11,464.0
2013-03-18,421.0
2013-03-25,133.0
2013-04-01,176.0
2013-04-08,253.0
2013-04-15,222.0
2013-04-22,104.0
2013-04-29,94.0
2013-05-06,101.0
2013-05-13,60.0
2013-08-05,0.0
2013-08-12,0.0
2013-09-30,117.0
2013-10-07,141.0
2013-10-14,143.0
2013-10-21,164.0
2013-10-28,154.0
2013-11-04,147.0
2013-11-11,133.0
2013-11-18,130.0
2013-11-25,156.0
2013-12-02,165.0
2013-12-09,198.0
2013-12-16,200.0
2013-12-23,34.0
2013-12-30,110.0
2014-01-06,255.0
2014-01-13,234.0
2014-01-20,245.0
2014-01-27,277.0
2014-02-03,333.0
2014-02-10,430.0
2014-02-17,415.0
2014-02-24,352.0
2014-03-03,368.0
2014-03-10,427.0
2014-03-17,402.0
2014-03-24,470.0
2014-03-31,351.0
2014-04-07,321.0
2014-04-14,10.0
2014-04-21,112.0
2014-04-28,112.0
2014-05-05,148.0
2014-05-12,109.0
2014-09-29,1421.0
2014-10-06,1383.0
2014-10-13,1447.0
2014-10-20,1487.0
2014-10-27,1372.0
2014-11-03,1462.0
2014-11-10,1519.0
2014-11-17,1512.0
2014-11-24,1657.0
2014-12-01,1897.0
2014-12-08,2089.0
2014-12-15,2426.0
2014-12-22,1213.0
2014-12-29,2039.0
2015-01-05,4325.0
2015-01-12,4251.0
2015-01-19,4879.0
2015-01-26,6569.0
2015-02-02,8283.0
2015-02-09,10733.0
2015-02-16,11602.0
2015-02-23,11607.0
2015-03-02,9565.0
2015-03-09,7375.0
2015-03-16,5988.0
2015-03-23,5223.0
2015-03-30,1909.0
2015-04-06,2990.0
2015-04-13,2671.0
2015-04-20,1973.0
2015-04-27,1373.0
2015-05-04,1055.0
2015-05-11,541.0
2015-05-18,
2015-05-25,
2015-06-01,
2015-06-08,
2015-06-15,
2015-06-22,
2015-06-29,
2015-07-06,
2015-07-13,
2015-07-20,
2015-07-27,
2015-08-03,
2015-08-10,
2015-08-17,
2015-08-24,
2015-08-31,
2015-09-07,
2015-09-14,
2015-09-21,
2015-09-28,1282.0
2015-10-05,1357.0
2015-10-12,1443.0
2015-10-19,1505.0
2015-10-26,1485.0
2015-11-02,1523.0
2015-11-09,1626.0
2015-11-16,1726.0
2015-11-23,1821.0
2015-11-30,1935.0
2015-12-07,2315.0
2015-12-14,2461.0
2015-12-21,1701.0
2015-12-28,1642.0
2016-01-04,3625.0
2016-01-11,3812.0
2016-01-18,4364.0
2016-01-25,6377.0
2016-02-01,7030.0
2016-02-08,8030.0
2016-02-15,8980.0
2016-02-22,8397.0
2016-02-29,8285.0
2016-03-07,6999.0
2016-03-14,6229.0
2016-03-21,2379.0
2016-03-28,3619.0
2016-04-04,3281.0
2016-04-11,2411.0
2016-04-18,2037.0
2016-04-25,1915.0
2016-05-02,1124.0
2016-05-09,1095.0
2016-05-16,262.0
2016-10-03,1337.0
2016-10-10,1517.0
2016-10-17,1752.0
2016-10-24,1776.0
2016-10-31,1862.0
2016-11-07,2123.0
2016-11-14,2278.0
2016-11-21,2635.0
2016-11-28,3210.0
2016-12-05,4894.0
2016-12-12,6337.0
2016-12-19,7943.0
2016-12-26,5977.0
2017-01-02,12756.0
2017-01-09,10604.0
2017-01-16,8733.0
2017-01-23,7635.0
2017-01-30,7019.0
2017-02-06,5903.0
2017-02-13,5558.0
2017-02-20,4698.0
2017-02-27,4119.0
2017-03-06,3734.0
2017-03-13,3281.0
2017-03-20,2816.0
2017-03-27,2620.0
2017-04-03,2004.0
2017-04-10,728.0
2017-04-17,1333.0
2017-04-24,1321.0
2017-05-01,1044.0
2017-05-08,1289.0
2017-05-15,532.0
2017-10-02,1199.0
2017-10-09,1285.0
2017-10-16,1402.0
2017-10-23,1548.0
2017-10-30,1596.0
2017-11-06,1825.0
2017-11-13,1879.0
2017-11-20,2074.0
2017-11-27,2254.0
2017-12-04,2668.0
2017-12-11,3249.0
2017-12-18,4291.0
2017-12-25,3311.0
2018-01-01,9036.0
2018-01-08,10430.0
2018-01-15,10592.0
2018-01-22,12366.0
2018-01-29,14237.0
2018-02-05,15221.0
2018-02-12,15556.0
2018-02-19,13195.0
2018-02-26,12217.0
2018-03-05,10948.0
2018-03-12,8860.0
2018-03-19,7741.0
2018-03-26,2587.0
2018-04-02,3894.0
2018-04-09,3259.0
2018-04-16,2303.0
2018-04-23,1755.0
2018-04-30,1036.0
2018-05-07,753.0
2018-05-14,332.0
2018-05-21,
2018-05-28,
2018-06-04,
2018-06-11,
2018-06-18,
2018-06-25,
2018-07-02,
2018-07-09,
2018-07-16,
2018-07-23,
2018-07-30,
2018-08-06,
2018-08-13,
2018-08-20,
2018-08-27,
2018-09-03,
2018-09-10,
2018-09-17,
2018-09-24,
2018-10-01,967.0
2018-10-08,1094.0
2018-10-15,1149.0
2018-10-22,1162.0
2018-10-29,1341.0
2018-11-05,1398.0
2018-11-12,1461.0
2018-11-19,1621.0
2018-11-26,1955.0
2018-12-03,2050.0
2018-12-10,2236.0
2018-12-17,2546.0
2018-12-24,1245.0
2018-12-31,2732.0
2019-01-07,4879.0
2019-01-14,4982.0
2019-01-21,5897.0
2019-01-28,7192.0
2019-02-04,8981.0
2019-02-11,9683.0
2019-02-18,8194.0
2019-02-25,6942.0
2019-03-04,5836.0
2019-03-11,4792.0
2019-03-18,3640.0
2019-03-25,3061.0
2019-04-01,2465.0
2019-04-08,2064.0
2019-04-15,691.0
2019-04-22,1162.0
2019-04-29,822.0
2019-05-06,869.0
2019-05-13,488.0
2019-05-20,
2019-05-27,
2019-06-03,
2019-06-10,
2019-06-17,
2019-06-24,
2019-07-01,
2019-07-08,
2019-07-15,
2019-07-22,
2019-07-29,
2019-08-05,
2019-08-12,
2019-08-19,
2019-08-26,
2019-09-02,
2019-09-09,
2019-09-16,
2019-09-23,
2019-09-30,833.0
2019-10-07,953.0
2019-10-14,1279.0
2019-10-21,1283.0
2019-10-28,1375.0
2019-11-04,1478.0
2019-11-11,1603.0
2019-11-18,1775.0
2019-11-25,1866.0
2019-12-02,2098.0
2019-12-09,2459.0
2019-12-16,2380.0
2019-12-23,904.0
2019-12-30,2694.0
2020-01-06,5038.0
2020-01-13,4228.0
2020-01-20,4514.0
2020-01-27,5330.0
2020-02-03,5811.0
2020-02-10,6241.0
2020-02-17,5854.0
2020-02-24,6122.0
2020-03-02,7086.0
2020-03-09,10801.0
2020-03-16,7795.0
2020-03-23,4302.0
2020-03-30,2550.0
2020-04-06,689.0
2020-04-13,1060.0
2020-04-20,689.0
2020-04-27,581.0
2020-05-04,462.0
2020-05-11,286.0
2020-05-18,
2020-05-25,
2020-06-01,
2020-06-08,
2020-06-15,
2020-06-22,
2020-06-29,
2020-07-06,
2020-07-13,
2020-07-20,
2020-07-27,
2020-08-03,
2020-08-10,
2020-08-17,
2020-08-24,
2020-08-31,
2020-09-07,
2020-09-14,
2020-09-21,
2020-09-28,507.0
2020-10-05,484.0
2020-10-12,485.0
2020-10-19,507.0
2020-10-26,586.0
2020-11-02,579.0
2020-11-09,597.0
2020-11-16,475.0
2020-11-23,427.0
2020-11-30,434.0
2020-12-07,399.0
2020-12-14,415.0
2020-12-21,220.0
2020-12-28,182.0
2021-01-04,374.0
2021-01-11,394.0
2021-01-18,365.0
2021-01-25,288.0
2021-02-01,287.0
2021-02-08,299.0
2021-02-15,302.0
2021-02-22,292.0
2021-03-01,310.0
2021-03-08,297.0
2021-03-15,316.0
2021-03-22,312.0
2021-03-29,105.0
2021-04-05,192.0
2021-04-12,193.0
2021-04-19,190.0
2021-04-26,206.0
2021-05-03,196.0
2021-05-10,134.0
2021-05-17,158.0
2021-05-24,162.0
2021-05-31,104.0
2021-06-07,78.0
2021-10-04,767.0
2021-10-11,900.0
2021-10-18,1114.0
2021-10-25,1208.0
2021-11-01,1324.0
2021-11-08,1265.0
2021-11-15,1196.0
2021-11-22,1093.0
2021-11-29,1130.0
2021-12-06,1009.0
2021-12-13,910.0
2021-12-20,561.0
2021-12-27,360.0
2022-01-03,665.0
2022-01-10,550.0
2022-01-17,480.0
2022-01-24,494.0
2022-01-31,565.0
2022-02-07,576.0
2022-02-14,562.0
2022-02-21,563.0
2022-02-28,531.0
2022-03-07,611.0
2022-03-14,836.0
2022-03-21,1662.0
2022-03-28,3027.0
2022-04-04,4624.0
2022-04-11,2395.0
2022-04-18,4294.0
2022-04-25,3313.0
2022-05-02,2410.0
2022-05-09,1986.0
2022-05-16,649.0
2022-07-25,468.0
2022-08-01,497.0
2022-08-08,508.0
2022-08-15,548.0
2022-08-22,632.0
2022-08-29,805.0
2022-09-05,883.0
2022-09-12,873.0
2022-09-19,890.0
2022-09-26,955.0
2022-10-03,969.0
2022-10-10,1034.0
2022-10-17,1287.0
2022-10-24,1488.0
2022-10-31,1670.0
2022-11-07,1881.0
2022-11-14,2010.0
2022-11-21,2396.0
2022-11-28,2750.0
2022-12-05,3891.0
2022-12-12,5859.0
2022-12-19,7604.0
2022-12-26,5954.0
2023-01-02,11142.0
2023-01-09,7896.0
2023-01-16,5735.0
2023-01-23,5311.0
2023-01-30,5202.0
2023-02-06,4949.0
2023-02-13,4641.0
2023-02-20,3858.0
2023-02-27,3778.0
2023-03-06,3710.0
2023-03-13,3946.0
2023-03-20,4312.0
2023-03-27,4091.0
2023-04-03,1441.0
2023-04-10,2622.0
2023-04-17,2303.0
2023-04-24,1953.0
2023-05-01,1596.0
2023-05-08,1958.0
2023-05-15,938.0
2023-05-22,1560.0
2023-05-29,1010.0
2023-06-05,1038.0
2023-06-12,854.0
2023-06-19,731.0
2023-06-26,616.0
2023-07-03,536.0
2023-07-10,438.0
2023-07-17,468.0
2023-07-24,520.0
2023-07-31,538.0
2023-08-07,633.0
2023-08-14,691.0
2023-08-21,937.0
2023-08-28,1169.0
2023-09-04,1317.0
2023-09-11,1246.0
2023-09-18,1388.0
2023-09-25,1431.0
2023-10-02,1070.0
2023-10-09,1233.0
2023-10-16,1448.0
2023-10-23,1536.0
2023-10-30,1727.0
2023-11-06,2014.0
2023-11-13,2092.0
2023-11-20,2459.0
2023-11-27,2722.0
2023-12-04,3136.0
2023-12-11,3595.0
2023-12-18,3514.0
2023-12-25,1827.0
2024-01-01,3717.0
2024-01-08,3622.0
2024-01-15,3371.0
2024-01-22,3468.0
2024-01-29,3212.0
2024-02-05,3107.0
2024-02-12,3084.0
2024-02-19,3037.0
2024-02-26,2834.0
2024-03-04,2275.0
2024-03-11,2022.0
2024-03-18,2026.0
2024-03-25,675.0
2024-04-01,1288.0
2024-04-08,1263.0
2024-04-15,1098.0
2024-04-22,1022.0
2024-04-29,860.0
2024-05-06,699.0
2024-05-13,614.0
2024-05-20,640.0
2024-05-27,651.0
2024-06-03,633.0
2024-06-10,680.0
2024-06-17,676.0
2024-06-24,583.0
2024-07-01,586.0
2024-07-08,516.0
2024-07-15,544.0
2024-07-22,547.0
2024-07-29,580.0
2024-08-05,642.0
2024-08-12,642.0
2024-08-19,849.0
2024-08-26,1034.0
2024-09-02,1195.0
2024-09-09,1114.0
2024-09-16,1111.0
2024-09-23,1193.0
2024-09-30,1241.0
2024-10-07,1369.0
2024-10-14,1444.0
2024-10-21,1491.0
2024-10-28,1364.0
2024-11-04,1415.0
2024-11-11,1434.0
2024-11-18,1511.0
2024-11-25,1648.0
2024-12-02,1752.0
2024-12-09,1878.0
2024-12-16,2250.0
2024-12-23,956.0
2024-12-30,1663.0
2025-01-06,3454.0
2025-01-13,3565.0
2025-01-20,4584.0
2025-01-27,5913.0
2025-02-03,7439.0
2025-02-10,8723.0
2025-02-17,9980.0
2025-02-24,10760.0
2025-03-03,9321.0
2025-03-10,7076.0
2025-03-17,5654.0
2025-03-24,4530.0
2025-03-31,3568.0
2025-04-07,2819.0
2025-04-14,1014.0
2025-04-21,1584.0
2025-04-28,1138.0
2025-05-05,1172.0
2025-05-12,1088.0
2025-05-19,1085.0
2025-05-26,754.0
2025-06-02,862.0
2025-06-09,489.0
2025-06-16,799.0
2025-06-23,725.0
2025-06-30,629.0
2025-07-07,469.0
2025-07-14,343.0
2025-07-21,342.0
2025-07-28,391.0
2025-08-04,471.0
2025-08-11,550.0
2025-08-18,668.0
2025-08-25,979.0
2025-09-01,1045.0
2025-09-08,1088.0
2025-09-15,1093.0
2025-09-22,1125.0
2025-09-29,1055.0
2025-10-06,1039.0
2025-10-13,1158.0
2025-10-20,1279.0
2025-10-27,1407.0
2025-11-03,1821.0
2025-11-10,1917.0
2025-11-17,2490.0
2025-11-24,3535.0
2025-12-01,3529.0
2025-12-08,3492.0
